{"UiPath.Core.Activities.AddAndProcessQueueItem":{"ActivityType":"UiPath.Core.Activities.AddAndProcessQueueItem","BindingType":"queue","PropertiesMetadata":[{"ContractName":"Value","PropertyName":"QueueType"},{"ContractName":"FolderPath","PropertyName":"FolderPath"}]},"UiPath.Core.Activities.GetRobotCredential":{"ActivityType":"UiPath.Core.Activities.GetRobotCredential","BindingType":"asset","PropertiesMetadata":[{"ContractName":"Value","PropertyName":"AssetName"},{"ContractName":"FolderPath","PropertyName":"FolderPath"}]},"UiPath.Core.Activities.GetQueueItem":{"ActivityType":"UiPath.Core.Activities.GetQueueItem","BindingType":"queue","PropertiesMetadata":[{"ContractName":"Value","PropertyName":"QueueType"},{"ContractName":"FolderPath","PropertyName":"FolderPath"}]},"UiPath.Core.Activities.GetRobotAsset":{"ActivityType":"UiPath.Core.Activities.GetRobotAsset","BindingType":"asset","PropertiesMetadata":[{"ContractName":"Value","PropertyName":"AssetName"},{"ContractName":"FolderPath","PropertyName":"FolderPath"}]},"UiPath.Core.Activities.SetCredential":{"ActivityType":"UiPath.Core.Activities.SetCredential","BindingType":"asset","PropertiesMetadata":[{"ContractName":"Value","PropertyName":"CredentialName"},{"ContractName":"FolderPath","PropertyName":"FolderPath"}]},"UiPath.Core.Activities.PostponeTransactionItem":{"ActivityType":"UiPath.Core.Activities.PostponeTransactionItem","BindingType":"queue","PropertiesMetadata":[{"ContractName":"FolderPath","PropertyName":"FolderPath"}]},"UiPath.Core.Activities.WaitQueueItem":{"ActivityType":"UiPath.Core.Activities.WaitQueueItem","BindingType":"queue","PropertiesMetadata":[{"ContractName":"Value","PropertyName":"QueueName"},{"ContractName":"FolderPath","PropertyName":"FolderPath"}]},"UiPath.Core.Activities.GetQueueItems":{"ActivityType":"UiPath.Core.Activities.GetQueueItems","BindingType":"queue","PropertiesMetadata":[{"ContractName":"Value","PropertyName":"QueueName"},{"ContractName":"FolderPath","PropertyName":"FolderPath"}]},"UiPath.Core.Activities.StopJob":{"ActivityType":"UiPath.Core.Activities.StopJob","BindingType":"process","PropertiesMetadata":[{"ContractName":"FolderPath","PropertyName":"FolderPath"}]},"UiPath.Core.Activities.SetTransactionProgress":{"ActivityType":"UiPath.Core.Activities.SetTransactionProgress","BindingType":"queue","PropertiesMetadata":[{"ContractName":"FolderPath","PropertyName":"FolderPath"}]},"UiPath.Core.Activities.Storage.ListStorageFiles":{"ActivityType":"UiPath.Core.Activities.Storage.ListStorageFiles","BindingType":"storage","PropertiesMetadata":[{"ContractName":"Value","PropertyName":"StorageBucketName"},{"ContractName":"Directory","PropertyName":"Directory"},{"ContractName":"FolderPath","PropertyName":"FolderPath"}]},"UiPath.Core.Activities.BulkAddQueueItems":{"ActivityType":"UiPath.Core.Activities.BulkAddQueueItems","BindingType":"queue","PropertiesMetadata":[{"ContractName":"Value","PropertyName":"QueueName"},{"ContractName":"FolderPath","PropertyName":"FolderPath"}]},"UiPath.Core.Activities.AddTransactionItem":{"ActivityType":"UiPath.Core.Activities.AddTransactionItem","BindingType":"queue","PropertiesMetadata":[{"ContractName":"Value","PropertyName":"QueueType"},{"ContractName":"FolderPath","PropertyName":"FolderPath"}]},"UiPath.Core.Activities.GetJobs":{"ActivityType":"UiPath.Core.Activities.GetJobs","BindingType":"process","PropertiesMetadata":[{"ContractName":"FolderPath","PropertyName":"FolderPath"}]},"UiPath.Core.Activities.Storage.ReadStorageText":{"ActivityType":"UiPath.Core.Activities.Storage.ReadStorageText","BindingType":"storage","PropertiesMetadata":[{"ContractName":"Value","PropertyName":"StorageBucketName"},{"ContractName":"Path","PropertyName":"Path"},{"ContractName":"FolderPath","PropertyName":"FolderPath"}]},"UiPath.Core.Activities.DeleteQueueItems":{"ActivityType":"UiPath.Core.Activities.DeleteQueueItems","BindingType":"queue","PropertiesMetadata":[{"ContractName":"FolderPath","PropertyName":"FolderPath"}]},"UiPath.Core.Activities.Storage.UploadStorageFile":{"ActivityType":"UiPath.Core.Activities.Storage.UploadStorageFile","BindingType":"storage","PropertiesMetadata":[{"ContractName":"Value","PropertyName":"StorageBucketName"},{"ContractName":"Path","PropertyName":"Path"},{"ContractName":"FolderPath","PropertyName":"FolderPath"}]},"UiPath.Core.Activities.Storage.WriteStorageText":{"ActivityType":"UiPath.Core.Activities.Storage.WriteStorageText","BindingType":"storage","PropertiesMetadata":[{"ContractName":"Value","PropertyName":"StorageBucketName"},{"ContractName":"Path","PropertyName":"Path"},{"ContractName":"FolderPath","PropertyName":"FolderPath"}]},"UiPath.Core.Activities.GetTransactionItem":{"ActivityType":"UiPath.Core.Activities.GetTransactionItem","BindingType":"queue","PropertiesMetadata":[{"ContractName":"Value","PropertyName":"QueueType"},{"ContractName":"FolderPath","PropertyName":"FolderPath"}]},"UiPath.Core.Activities.SetAsset":{"ActivityType":"UiPath.Core.Activities.SetAsset","BindingType":"asset","PropertiesMetadata":[{"ContractName":"Value","PropertyName":"AssetName"},{"ContractName":"FolderPath","PropertyName":"FolderPath"}]},"UiPath.Core.Activities.AddQueueItem":{"ActivityType":"UiPath.Core.Activities.AddQueueItem","BindingType":"queue","PropertiesMetadata":[{"ContractName":"Value","PropertyName":"QueueType"},{"ContractName":"FolderPath","PropertyName":"FolderPath"}]},"UiPath.Core.Activities.Storage.DownloadStorageFile":{"ActivityType":"UiPath.Core.Activities.Storage.DownloadStorageFile","BindingType":"storage","PropertiesMetadata":[{"ContractName":"Value","PropertyName":"StorageBucketName"},{"ContractName":"Path","PropertyName":"Path"},{"ContractName":"FolderPath","PropertyName":"FolderPath"}]},"UiPath.Core.Activities.StartJob":{"ActivityType":"UiPath.Core.Activities.StartJob","BindingType":"process","PropertiesMetadata":[{"ContractName":"Value","PropertyName":"ProcessName"},{"ContractName":"FolderPath","PropertyName":"FolderPath"}]},"UiPath.Core.Activities.Storage.DeleteStorageFile":{"ActivityType":"UiPath.Core.Activities.Storage.DeleteStorageFile","BindingType":"storage","PropertiesMetadata":[{"ContractName":"Value","PropertyName":"StorageBucketName"},{"ContractName":"Path","PropertyName":"Path"},{"ContractName":"FolderPath","PropertyName":"FolderPath"}]},"UiPath.Core.Activities.SetTransactionStatus":{"ActivityType":"UiPath.Core.Activities.SetTransactionStatus","BindingType":"queue","PropertiesMetadata":[{"ContractName":"FolderPath","PropertyName":"FolderPath"}]}}