{"DocumentId":"TestPO","ContentType":"application/pdf","Length":1223,"Pages":[{"PageIndex":0,"Size":[0.0,0.0,612.0,792.0],"Sections":[{"IndexInText":0,"Language":"ita","Length":5,"Rotation":"None","SkewAngle":0.0,"Type":"Paragraph","WordGroups":[{"IndexInText":0,"Length":5,"Type":"Heading","Words":[{"Box":[46.8,56.88,31.44,11.52],"Polygon":[56.88,46.8000031,88.32,46.8000031,88.32,58.3200035,56.88,58.3200035],"IndexInText":0,"OcrConfidence":1.0,"Text":"testi","VisualLineNumber":0}]}]},{"IndexInText":7,"Language":"eng","Length":82,"Rotation":"None","SkewAngle":0.0,"Type":"Paragraph","WordGroups":[{"IndexInText":7,"Length":82,"Type":"Other","Words":[{"Box":[72.0,56.4,28.56,9.12],"Polygon":[56.4,72.0,84.96001,72.0,84.96001,81.12,56.4,81.12],"IndexInText":7,"OcrConfidence":1.0,"Text":"[Street","VisualLineNumber":1},{"Box":[72.0,87.84,38.64,9.12],"Polygon":[87.840004,72.0,126.48,72.0,126.48,81.12,87.840004,81.12],"IndexInText":15,"OcrConfidence":1.0,"Text":"Address]","VisualLineNumber":1},{"Box":[85.68,56.4,20.88,9.12],"Polygon":[56.4,85.68,77.28001,85.68,77.28001,94.8,56.4,94.8],"IndexInText":24,"OcrConfidence":1.0,"Text":"[City,","VisualLineNumber":2},{"Box":[85.68,81.36,11.76,7.2],"Polygon":[81.36,85.68,93.12,85.68,93.12,92.8800049,81.36,92.8800049],"IndexInText":31,"OcrConfidence":1.0,"Text":"ST","VisualLineNumber":2},{"Box":[85.68,99.36,17.52,9.12],"Polygon":[99.36,85.68,116.880005,85.68,116.880005,94.8,99.36,94.8],"IndexInText":34,"OcrConfidence":1.0,"Text":"ZIP]","VisualLineNumber":2},{"Box":[99.36,56.4,30.0,7.2],"Polygon":[56.4,99.36,86.4,99.36,86.4,106.560005,56.4,106.560005],"IndexInText":39,"OcrConfidence":1.0,"Text":"Phone:","VisualLineNumber":3},{"Box":[99.36,90.72,22.08,9.12],"Polygon":[90.72,99.36,112.8,99.36,112.8,108.48,90.72,108.48],"IndexInText":46,"OcrConfidence":1.0,"Text":"(000)","VisualLineNumber":3},{"Box":[99.36,116.4,41.04,7.2],"Polygon":[116.4,99.36,157.44,99.36,157.44,106.560005,116.4,106.560005],"IndexInText":52,"OcrConfidence":1.0,"Text":"000-0000","VisualLineNumber":3},{"Box":[112.8,56.4,18.0,7.2],"Polygon":[56.4,112.8,74.4,112.8,74.4,120.000008,56.4,120.000008],"IndexInText":61,"OcrConfidence":1.0,"Text":"Fax:","VisualLineNumber":4},{"Box":[112.8,78.72,22.08,9.12],"Polygon":[78.72,112.8,100.8,112.8,100.8,121.920006,78.72,121.920006],"IndexInText":66,"OcrConfidence":1.0,"Text":"(000)","VisualLineNumber":4},{"Box":[112.8,104.4,41.04,7.2],"Polygon":[104.4,112.8,145.44,112.8,145.44,120.000008,104.4,120.000008],"IndexInText":72,"OcrConfidence":1.0,"Text":"000-0000","VisualLineNumber":4},{"Box":[126.48,55.92,38.16,7.2],"Polygon":[55.920002,126.48,94.08,126.48,94.08,133.680008,55.920002,133.680008],"IndexInText":81,"OcrConfidence":0.799999952,"Text":"Website:","VisualLineNumber":5}]}]},{"IndexInText":91,"Language":"eng","Length":1,"Rotation":"None","SkewAngle":0.0,"Type":"Paragraph","WordGroups":[{"IndexInText":91,"Length":1,"Type":"Other","Words":[{"Box":[169.2,102.72,0.72,7.2],"Polygon":[99.12001,169.200012,104.040009,169.200012,104.040009,178.32,99.12001,178.32],"IndexInText":91,"OcrConfidence":1.0,"Text":"l","VisualLineNumber":7}]}]},{"IndexInText":94,"Language":"eng","Length":14,"Rotation":"None","SkewAngle":0.0,"Type":"Paragraph","WordGroups":[{"IndexInText":94,"Length":14,"Type":"Other","Words":[{"Box":[42.0,289.2,153.12,20.4],"Polygon":[289.2,42.0,442.32,42.0,442.32,62.4,289.2,62.4],"IndexInText":94,"OcrConfidence":1.0,"Text":"PURCHASE","VisualLineNumber":0},{"Box":[42.0,452.64,99.12,20.4],"Polygon":[452.64,42.0,551.76,42.0,551.76,62.4,452.64,62.4],"IndexInText":103,"OcrConfidence":1.0,"Text":"ORDER","VisualLineNumber":0}]}]},{"IndexInText":110,"Language":"ita","Length":28,"Rotation":"None","SkewAngle":0.0,"Type":"Paragraph","WordGroups":[{"IndexInText":110,"Length":28,"Type":"Other","Words":[{"Box":[71.76,446.16,25.44,7.44],"Polygon":[446.16,71.76,471.6,71.76,471.6,79.2000046,446.16,79.2000046],"IndexInText":110,"OcrConfidence":1.0,"Text":"DATE","VisualLineNumber":1},{"Box":[71.76,498.24,42.0,7.44],"Polygon":[498.240021,71.76,540.24,71.76,540.24,79.2000046,498.240021,79.2000046],"IndexInText":115,"OcrConfidence":1.0,"Text":"9/20/2021","VisualLineNumber":1},{"Box":[85.68,450.0,13.2,7.2],"Polygon":[450.000031,85.68,463.2,85.68,463.2,92.8800049,450.000031,92.8800049],"IndexInText":125,"OcrConfidence":1.0,"Text":"PO","VisualLineNumber":2},{"Box":[85.68,466.56,5.52,7.2],"Polygon":[466.560028,85.68,472.080017,85.68,472.080017,92.8800049,466.560028,92.8800049],"IndexInText":128,"OcrConfidence":1.0,"Text":"#","VisualLineNumber":2},{"Box":[85.44,501.12,37.44,9.36],"Polygon":[501.120026,85.44,538.56,85.44,538.56,94.8,501.120026,94.8],"IndexInText":130,"OcrConfidence":1.0,"Text":"[123456]","VisualLineNumber":2}]}]},{"IndexInText":140,"Language":"eng","Length":233,"Rotation":"None","SkewAngle":0.0,"Type":"Table","WordGroups":[{"IndexInText":140,"Length":6,"Type":"TableCell","Words":[{"Box":[155.04,64.8,42.48,7.2],"Polygon":[64.8,155.040009,107.280006,155.040009,107.280006,162.24,64.8,162.24],"IndexInText":140,"OcrConfidence":1.0,"Text":"VENDOR","VisualLineNumber":6}]},{"IndexInText":164,"Length":7,"Type":"TableRowEnd","Words":[{"Box":[155.04,343.68,22.08,7.2],"Polygon":[343.680023,155.040009,365.76,155.040009,365.76,162.24,343.680023,162.24],"IndexInText":164,"OcrConfidence":1.0,"Text":"SHIP","VisualLineNumber":6},{"Box":[155.04,369.36,13.2,7.2],"Polygon":[369.360016,155.040009,382.560028,155.040009,382.560028,162.24,369.360016,162.24],"IndexInText":169,"OcrConfidence":1.0,"Text":"TO","VisualLineNumber":6}]},{"IndexInText":179,"Length":17,"Type":"TableCell","Words":[{"Box":[169.2,55.68,19.92,7.2],"Polygon":[55.68,169.200012,75.6000061,169.200012,75.6000061,176.400009,55.68,176.400009],"IndexInText":179,"OcrConfidence":1.0,"Text":"ABC","VisualLineNumber":7},{"Box":[169.2,79.44,29.52,9.12],"Polygon":[79.44,169.2,108.96,169.2,108.96,178.32,79.44,178.32],"IndexInText":183,"OcrConfidence":1.0,"Text":"Suppy","VisualLineNumber":7},{"Box":[169.2,112.08,42.0,9.12],"Polygon":[112.08,169.200012,154.08,169.200012,154.08,178.32,112.08,178.32],"IndexInText":189,"OcrConfidence":1.0,"Text":"Company","VisualLineNumber":7}]},{"IndexInText":203,"Length":8,"Type":"TableRowEnd","Words":[{"Box":[169.2,339.36,18.96,7.2],"Polygon":[339.360016,169.200012,358.32,169.200012,358.32,176.400009,339.360016,176.400009],"IndexInText":203,"OcrConfidence":1.0,"Text":"New","VisualLineNumber":7},{"Box":[169.44,361.44,15.84,6.96],"Polygon":[361.44,169.44,377.280029,169.44,377.280029,176.400009,361.44,176.400009],"IndexInText":207,"OcrConfidence":1.0,"Text":"test","VisualLineNumber":7}]},{"IndexInText":218,"Length":16,"Type":"TableCell","Words":[{"Box":[182.88,56.88,14.88,7.2],"Polygon":[56.88,182.88,71.76,182.88,71.76,190.08,56.88,190.08],"IndexInText":218,"OcrConfidence":1.0,"Text":"123","VisualLineNumber":8},{"Box":[182.88,75.12,42.0,7.2],"Polygon":[75.12,182.88,117.12,182.88,117.12,190.08,75.12,190.08],"IndexInText":222,"OcrConfidence":1.0,"Text":"Abcstreet","VisualLineNumber":8},{"Box":[182.88,120.48,12.0,7.2],"Polygon":[120.48,182.88,132.480011,182.88,132.480011,190.08,120.48,190.08],"IndexInText":232,"OcrConfidence":1.0,"Text":"SE","VisualLineNumber":8}]},{"IndexInText":242,"Length":14,"Type":"TableRowEnd","Words":[{"Box":[182.88,339.36,39.36,9.12],"Polygon":[339.360016,182.88,378.72,182.88,378.72,192.0,339.360016,192.0],"IndexInText":242,"OcrConfidence":0.799999952,"Text":"Highlevel","VisualLineNumber":8},{"Box":[182.88,382.8,18.48,7.2],"Polygon":[382.800018,182.88,401.280029,182.88,401.280029,190.08,382.800018,190.08],"IndexInText":252,"OcrConfidence":1.0,"Text":"road","VisualLineNumber":8}]},{"IndexInText":257,"Length":18,"Type":"TableCell","Words":[{"Box":[196.32,56.16,48.48,8.64],"Polygon":[56.1600037,196.32,104.640007,196.32,104.640007,204.96,56.1600037,204.96],"IndexInText":257,"OcrConfidence":1.0,"Text":"Sometown,","VisualLineNumber":9},{"Box":[196.32,108.96,12.96,7.2],"Polygon":[108.960007,196.32,121.920006,196.32,121.920006,203.52,108.960007,203.52],"IndexInText":267,"OcrConfidence":1.0,"Text":"NH","VisualLineNumber":9},{"Box":[196.32,126.72,24.48,7.2],"Polygon":[126.72,196.32,151.200012,196.32,151.200012,203.52,126.72,203.52],"IndexInText":270,"OcrConfidence":1.0,"Text":"11111","VisualLineNumber":9}]},{"IndexInText":281,"Length":8,"Type":"TableRowEnd","Words":[{"Box":[196.32,339.36,44.64,9.12],"Polygon":[339.360016,196.32,384.0,196.32,384.0,205.44,339.360016,205.44],"IndexInText":281,"OcrConfidence":1.0,"Text":"Nugegoda","VisualLineNumber":9}]},{"IndexInText":296,"Length":21,"Type":"TableCell","Words":[{"Box":[210.0,56.4,30.0,7.2],"Polygon":[56.4,210.000015,86.4,210.000015,86.4,217.200012,56.4,217.200012],"IndexInText":296,"OcrConfidence":1.0,"Text":"Phone:","VisualLineNumber":10},{"Box":[210.0,90.72,22.08,9.12],"Polygon":[90.72,210.000015,112.8,210.000015,112.8,219.12001,90.72,219.12001],"IndexInText":303,"OcrConfidence":1.0,"Text":"(123)","VisualLineNumber":10},{"Box":[210.0,116.16,41.28,7.2],"Polygon":[116.16,210.000015,157.44,210.000015,157.44,217.200012,116.16,217.200012],"IndexInText":309,"OcrConfidence":1.0,"Text":"456-7890","VisualLineNumber":10}]},{"IndexInText":320,"Length":9,"Type":"TableRowEnd","Words":[{"Box":[210.0,339.12,11.04,7.2],"Polygon":[339.120026,210.000015,350.16,210.000015,350.16,217.200012,339.120026,217.200012],"IndexInText":320,"OcrConfidence":1.0,"Text":"Sri","VisualLineNumber":10},{"Box":[210.0,354.24,26.16,7.2],"Polygon":[354.240021,210.000015,380.400024,210.000015,380.400024,217.200012,354.240021,217.200012],"IndexInText":324,"OcrConfidence":1.0,"Text":"Lanka","VisualLineNumber":10}]},{"IndexInText":335,"Length":19,"Type":"TableCell","Words":[{"Box":[223.44,56.4,18.0,7.2],"Polygon":[56.4,223.44,74.4,223.44,74.4,230.640015,56.4,230.640015],"IndexInText":335,"OcrConfidence":1.0,"Text":"Fax:","VisualLineNumber":11},{"Box":[223.44,78.72,22.08,9.12],"Polygon":[78.72,223.44,100.8,223.44,100.8,232.560013,78.72,232.560013],"IndexInText":340,"OcrConfidence":1.0,"Text":"(123)","VisualLineNumber":11},{"Box":[223.44,103.92,40.08,7.2],"Polygon":[103.920006,223.44,144.0,223.44,144.0,230.640015,103.920006,230.640015],"IndexInText":346,"OcrConfidence":1.0,"Text":"456-7891","VisualLineNumber":11}]},{"IndexInText":359,"Length":9,"Type":"TableRowEnd","Words":[{"Box":[223.44,339.12,48.72,7.2],"Polygon":[339.120026,223.44,387.840027,223.44,387.840027,230.640015,339.120026,230.640015],"IndexInText":359,"OcrConfidence":1.0,"Text":"941231234","VisualLineNumber":11}]}]},{"IndexInText":375,"Language":"eng","Length":22,"Rotation":"None","SkewAngle":0.0,"Type":"Paragraph","WordGroups":[{"IndexInText":375,"Length":22,"Type":"Heading","Words":[{"Box":[266.16,58.8,77.52,7.68],"Polygon":[58.8000031,266.16,136.32,266.16,136.32,273.84,58.8000031,273.84],"IndexInText":375,"OcrConfidence":1.0,"Text":"REQUISITIONER","VisualLineNumber":12},{"Box":[265.44,174.0,22.32,7.2],"Polygon":[174.0,265.44,196.32,265.44,196.32,272.64,174.0,272.64],"IndexInText":389,"OcrConfidence":1.0,"Text":"SHIP","VisualLineNumber":12},{"Box":[265.44,199.44,16.32,7.2],"Polygon":[199.44,265.44,215.76001,265.44,215.76001,272.64,199.44,272.64],"IndexInText":394,"OcrConfidence":1.0,"Text":"VIA","VisualLineNumber":12}]}]},{"IndexInText":399,"Language":"pol","Length":6,"Rotation":"None","SkewAngle":0.0,"Type":"Paragraph","WordGroups":[{"IndexInText":399,"Length":6,"Type":"Other","Words":[{"Box":[266.16,279.12,28.08,7.2],"Polygon":[279.120026,266.16,307.2,266.16,307.2,273.360016,279.120026,273.360016],"IndexInText":399,"OcrConfidence":1.0,"Text":"F.O.B.","VisualLineNumber":12}]}]},{"IndexInText":407,"Language":"eng","Length":14,"Rotation":"None","SkewAngle":0.0,"Type":"Paragraph","WordGroups":[{"IndexInText":407,"Length":14,"Type":"Other","Words":[{"Box":[265.44,405.12,46.08,7.2],"Polygon":[405.120026,265.44,451.2,265.44,451.2,272.64,405.120026,272.64],"IndexInText":407,"OcrConfidence":1.0,"Text":"SHIPPING","VisualLineNumber":12},{"Box":[265.44,455.04,34.32,7.2],"Polygon":[455.04,265.44,489.360016,265.44,489.360016,272.64,455.04,272.64],"IndexInText":416,"OcrConfidence":1.0,"Text":"TERMS","VisualLineNumber":12}]}]},{"IndexInText":423,"Language":"eng","Length":581,"Rotation":"None","SkewAngle":0.0,"Type":"Table","WordGroups":[{"IndexInText":423,"Length":12,"Type":"TableCell","Words":[{"Box":[312.0,81.84,22.32,7.2],"Polygon":[81.840004,312.0,104.16,312.0,104.16,319.2,81.840004,319.2],"IndexInText":423,"OcrConfidence":1.0,"Text":"ITEM","VisualLineNumber":13},{"Box":[312.0,108.24,5.04,7.2],"Polygon":[108.240005,312.0,113.280006,312.0,113.280006,319.2,108.240005,319.2],"IndexInText":428,"OcrConfidence":1.0,"Text":"#","VisualLineNumber":13},{"Box":[326.88,56.4,27.12,7.2],"Polygon":[56.4,326.88,83.5200043,326.88,83.5200043,334.080017,56.4,334.080017],"IndexInText":430,"OcrConfidence":0.099999994,"Text":"PT101","VisualLineNumber":14}]},{"IndexInText":438,"Length":21,"Type":"TableCell","Words":[{"Box":[311.52,205.44,66.48,7.2],"Polygon":[205.44,311.52002,271.92,311.52002,271.92,318.72,205.44,318.72],"IndexInText":438,"OcrConfidence":1.0,"Text":"DESCRIPTION","VisualLineNumber":13},{"Box":[326.16,142.56,33.36,7.2],"Polygon":[142.560013,326.16,175.920013,326.16,175.920013,333.360016,142.560013,333.360016],"IndexInText":450,"OcrConfidence":1.0,"Text":"Product","VisualLineNumber":14},{"Box":[326.16,178.8,6.48,7.2],"Polygon":[178.8,326.16,185.280014,326.16,185.280014,333.360016,178.8,333.360016],"IndexInText":458,"OcrConfidence":1.0,"Text":"A","VisualLineNumber":14}]},{"IndexInText":462,"Length":7,"Type":"TableCell","Words":[{"Box":[312.0,351.36,20.16,7.68],"Polygon":[351.360016,312.0,371.52002,312.0,371.52002,319.680023,351.360016,319.680023],"IndexInText":462,"OcrConfidence":1.0,"Text":"QTY","VisualLineNumber":13},{"Box":[326.88,353.28,15.84,7.2],"Polygon":[353.28,326.88,369.120026,326.88,369.120026,334.080017,353.28,334.080017],"IndexInText":466,"OcrConfidence":1.0,"Text":"222","VisualLineNumber":14}]},{"IndexInText":472,"Length":19,"Type":"TableCell","Words":[{"Box":[312.0,391.68,22.08,7.2],"Polygon":[391.680023,312.0,413.76,312.0,413.76,319.2,391.680023,319.2],"IndexInText":472,"OcrConfidence":1.0,"Text":"UNIT","VisualLineNumber":13},{"Box":[312.0,417.6,29.28,7.2],"Polygon":[417.6,312.0,446.88,312.0,446.88,319.2,417.6,319.2],"IndexInText":477,"OcrConfidence":1.0,"Text":"PRICE","VisualLineNumber":13},{"Box":[326.88,409.2,37.2,8.64],"Polygon":[409.2,326.88,446.400024,326.88,446.400024,335.52002,409.2,335.52002],"IndexInText":483,"OcrConfidence":1.0,"Text":"1.234,00","VisualLineNumber":14}]},{"IndexInText":494,"Length":3,"Type":"TableCell","Words":[{"Box":[312.0,457.92,19.44,7.2],"Polygon":[457.92,312.0,477.360016,312.0,477.360016,319.2,457.92,319.2],"IndexInText":494,"OcrConfidence":1.0,"Text":"TAX","VisualLineNumber":13}]},{"IndexInText":500,"Length":16,"Type":"TableRowEnd","Words":[{"Box":[311.76,503.52,32.64,7.44],"Polygon":[503.52002,311.76,536.160034,311.76,536.160034,319.2,503.52002,319.2],"IndexInText":500,"OcrConfidence":1.0,"Text":"TOTAL","VisualLineNumber":13},{"Box":[326.88,502.08,48.96,8.64],"Polygon":[502.080017,326.88,551.040039,326.88,551.040039,335.52002,502.080017,335.52002],"IndexInText":506,"OcrConfidence":1.0,"Text":"273.948,00","VisualLineNumber":14}]},{"IndexInText":520,"Length":11,"Type":"TableCell","Words":[{"Box":[340.32,56.4,28.32,7.2],"Polygon":[56.4,340.32,84.72,340.32,84.72,347.52002,56.4,347.52002],"IndexInText":520,"OcrConfidence":0.099999994,"Text":"PT102","VisualLineNumber":15},{"Box":[354.0,56.4,28.32,7.2],"Polygon":[56.4,354.0,84.72,354.0,84.72,361.2,56.4,361.2],"IndexInText":526,"OcrConfidence":0.799999952,"Text":"PT103","VisualLineNumber":16}]},{"IndexInText":535,"Length":19,"Type":"TableCell","Words":[{"Box":[339.84,142.56,33.36,7.2],"Polygon":[142.560013,339.840027,175.920013,339.840027,175.920013,347.04,142.560013,347.04],"IndexInText":535,"OcrConfidence":1.0,"Text":"Product","VisualLineNumber":15},{"Box":[339.84,179.52,5.28,7.2],"Polygon":[179.52,339.840027,184.8,339.840027,184.8,347.04,179.52,347.04],"IndexInText":543,"OcrConfidence":1.0,"Text":"B","VisualLineNumber":15},{"Box":[353.28,142.56,33.36,7.2],"Polygon":[142.560013,353.28,175.920013,353.28,175.920013,360.48,142.560013,360.48],"IndexInText":545,"OcrConfidence":1.0,"Text":"Product","VisualLineNumber":16},{"Box":[353.28,179.28,6.24,7.2],"Polygon":[179.280014,353.28,185.52,353.28,185.52,360.48,179.280014,360.48],"IndexInText":553,"OcrConfidence":1.0,"Text":"C","VisualLineNumber":16}]},{"IndexInText":559,"Length":7,"Type":"TableCell","Words":[{"Box":[340.32,355.92,10.56,7.2],"Polygon":[355.92,340.32,366.48,340.32,366.48,347.52002,355.92,347.52002],"IndexInText":559,"OcrConfidence":1.0,"Text":"45","VisualLineNumber":15},{"Box":[354.0,350.88,21.12,7.2],"Polygon":[350.88,354.0,372.0,354.0,372.0,361.2,350.88,361.2],"IndexInText":562,"OcrConfidence":1.0,"Text":"5000","VisualLineNumber":16}]},{"IndexInText":569,"Length":12,"Type":"TableCell","Words":[{"Box":[340.32,417.36,29.04,8.64],"Polygon":[417.360016,340.32,446.400024,340.32,446.400024,348.960022,417.360016,348.960022],"IndexInText":569,"OcrConfidence":1.0,"Text":"123,00","VisualLineNumber":15},{"Box":[354.0,422.4,24.0,8.64],"Polygon":[422.400024,354.0,446.400024,354.0,446.400024,362.64,422.400024,362.64],"IndexInText":576,"OcrConfidence":1.0,"Text":"87,00","VisualLineNumber":16}]},{"IndexInText":591,"Length":1,"Type":"TableCell","Words":[{"Box":[0.0,0.0,0.0,0.0],"IndexInText":591,"OcrConfidence":1.0,"Text":" ","VisualLineNumber":-1}]},{"IndexInText":597,"Length":19,"Type":"TableRowEnd","Words":[{"Box":[340.32,513.36,37.68,8.64],"Polygon":[513.360046,340.32,551.040039,340.32,551.040039,348.960022,513.360046,348.960022],"IndexInText":597,"OcrConfidence":1.0,"Text":"5.535,00","VisualLineNumber":15},{"Box":[354.0,502.08,48.96,8.64],"Polygon":[502.080017,354.0,551.040039,354.0,551.040039,362.64,502.080017,362.64],"IndexInText":606,"OcrConfidence":1.0,"Text":"435.000,00","VisualLineNumber":16}]},{"IndexInText":617,"Length":8,"Type":"TableCell","Words":[{"Box":[367.44,56.4,8.64,9.12],"Polygon":[56.4,367.44,65.04,367.44,65.04,376.560028,56.4,376.560028],"IndexInText":617,"OcrConfidence":1.0,"Text":"p1","VisualLineNumber":17},{"Box":[381.12,56.4,28.32,7.2],"Polygon":[56.4,381.120026,84.72,381.120026,84.72,388.32,56.4,388.32],"IndexInText":620,"OcrConfidence":0.799999952,"Text":"PT103","VisualLineNumber":18}]},{"IndexInText":632,"Length":12,"Type":"TableCell","Words":[{"Box":[366.96,142.56,8.4,9.12],"Polygon":[142.560013,366.960022,150.96,366.960022,150.96,376.080017,142.560013,376.080017],"IndexInText":632,"OcrConfidence":1.0,"Text":"p1","VisualLineNumber":17},{"Box":[380.4,142.56,33.36,7.2],"Polygon":[142.560013,380.400024,175.920013,380.400024,175.920013,387.6,142.560013,387.6],"IndexInText":635,"OcrConfidence":1.0,"Text":"Product","VisualLineNumber":18},{"Box":[380.4,179.28,6.24,7.2],"Polygon":[179.280014,380.400024,185.52,380.400024,185.52,387.6,179.280014,387.6],"IndexInText":643,"OcrConfidence":1.0,"Text":"C","VisualLineNumber":18}]},{"IndexInText":656,"Length":5,"Type":"TableCell","Words":[{"Box":[367.44,356.4,10.08,7.2],"Polygon":[356.400024,367.44,366.48,367.44,366.48,374.64,356.400024,374.64],"IndexInText":656,"OcrConfidence":1.0,"Text":"32","VisualLineNumber":17},{"Box":[381.12,356.4,10.08,7.2],"Polygon":[356.400024,381.120026,366.48,381.120026,366.48,388.32,356.400024,388.32],"IndexInText":659,"OcrConfidence":1.0,"Text":"34","VisualLineNumber":18}]},{"IndexInText":666,"Length":11,"Type":"TableCell","Words":[{"Box":[367.44,422.4,24.0,8.64],"Polygon":[422.400024,367.44,446.400024,367.44,446.400024,376.080017,422.400024,376.080017],"IndexInText":666,"OcrConfidence":1.0,"Text":"22,50","VisualLineNumber":17},{"Box":[381.12,422.64,23.76,8.64],"Polygon":[422.64,381.120026,446.400024,381.120026,446.400024,389.76,422.64,389.76],"IndexInText":672,"OcrConfidence":1.0,"Text":"87,00","VisualLineNumber":18}]},{"IndexInText":688,"Length":1,"Type":"TableCell","Words":[{"Box":[0.0,0.0,0.0,0.0],"IndexInText":688,"OcrConfidence":1.0,"Text":" ","VisualLineNumber":-1}]},{"IndexInText":694,"Length":15,"Type":"TableRowEnd","Words":[{"Box":[367.44,521.76,29.28,8.64],"Polygon":[521.76,367.44,551.040039,367.44,551.040039,376.080017,521.76,376.080017],"IndexInText":694,"OcrConfidence":1.0,"Text":"720,00","VisualLineNumber":17},{"Box":[381.12,513.12,37.92,8.64],"Polygon":[513.12,381.120026,551.040039,381.120026,551.040039,389.76,513.12,389.76],"IndexInText":701,"OcrConfidence":1.0,"Text":"2.958,00","VisualLineNumber":18}]},{"IndexInText":714,"Length":9,"Type":"TableCell","Words":[{"Box":[394.56,56.4,26.88,7.2],"Polygon":[56.4,394.560028,83.28001,394.560028,83.28001,401.76,56.4,401.76],"IndexInText":714,"OcrConfidence":1.0,"Text":"PT101","VisualLineNumber":19},{"Box":[408.0,56.16,15.6,7.2],"Polygon":[56.1600037,408.000031,71.76,408.000031,71.76,415.2,56.1600037,415.2],"IndexInText":720,"OcrConfidence":0.099999994,"Text":"a10","VisualLineNumber":20}]},{"IndexInText":729,"Length":17,"Type":"TableCell","Words":[{"Box":[394.08,142.56,33.36,7.2],"Polygon":[142.560013,394.080017,175.920013,394.080017,175.920013,401.280029,142.560013,401.280029],"IndexInText":729,"OcrConfidence":1.0,"Text":"Product","VisualLineNumber":19},{"Box":[394.08,178.8,6.48,7.2],"Polygon":[178.8,394.080017,185.280014,394.080017,185.280014,401.280029,178.8,401.280029],"IndexInText":737,"OcrConfidence":1.0,"Text":"A","VisualLineNumber":19},{"Box":[407.76,142.08,19.44,7.2],"Polygon":[142.08,407.76,161.52,407.76,161.52,414.960022,142.08,414.960022],"IndexInText":739,"OcrConfidence":0.099999994,"Text":"testi","VisualLineNumber":20},{"Box":[407.76,163.92,4.56,7.2],"Polygon":[163.920013,407.76,168.480011,407.76,168.480011,414.960022,163.920013,414.960022],"IndexInText":745,"OcrConfidence":0.099999994,"Text":"0","VisualLineNumber":20}]},{"IndexInText":753,"Length":4,"Type":"TableCell","Words":[{"Box":[394.56,356.4,10.08,7.2],"Polygon":[356.400024,394.560028,366.48,394.560028,366.48,401.76,356.400024,401.76],"IndexInText":753,"OcrConfidence":1.0,"Text":"50","VisualLineNumber":19},{"Box":[408.0,358.8,4.8,7.2],"Polygon":[358.800018,408.000031,363.6,408.000031,363.6,415.2,358.800018,415.2],"IndexInText":756,"OcrConfidence":1.0,"Text":"2","VisualLineNumber":20}]},{"IndexInText":763,"Length":13,"Type":"TableCell","Words":[{"Box":[394.56,409.2,37.2,8.64],"Polygon":[409.2,394.560028,446.400024,394.560028,446.400024,403.2,409.2,403.2],"IndexInText":763,"OcrConfidence":1.0,"Text":"1.234,00","VisualLineNumber":19},{"Box":[408.0,427.92,18.48,8.64],"Polygon":[427.92,408.000031,446.400024,408.000031,446.400024,416.64,427.92,416.64],"IndexInText":772,"OcrConfidence":1.0,"Text":"0,55","VisualLineNumber":20}]},{"IndexInText":785,"Length":1,"Type":"TableCell","Words":[{"Box":[0.0,0.0,0.0,0.0],"IndexInText":785,"OcrConfidence":1.0,"Text":" ","VisualLineNumber":-1}]},{"IndexInText":791,"Length":14,"Type":"TableRowEnd","Words":[{"Box":[394.56,508.08,42.96,8.64],"Polygon":[508.080017,394.560028,551.040039,394.560028,551.040039,403.2,508.080017,403.2],"IndexInText":791,"OcrConfidence":1.0,"Text":"61.700,00","VisualLineNumber":19},{"Box":[408.0,533.52,17.52,8.64],"Polygon":[533.52,408.000031,551.040039,408.000031,551.040039,416.64,533.52,416.64],"IndexInText":801,"OcrConfidence":1.0,"Text":"1,10","VisualLineNumber":20}]},{"IndexInText":811,"Length":5,"Type":"TableCell","Words":[{"Box":[421.68,56.16,10.32,7.2],"Polygon":[56.1600037,421.680023,66.48,421.680023,66.48,428.88,56.1600037,428.88],"IndexInText":811,"OcrConfidence":1.0,"Text":"a9","VisualLineNumber":21},{"Box":[435.36,56.16,10.32,7.2],"Polygon":[56.1600037,435.360016,66.48,435.360016,66.48,442.560028,56.1600037,442.560028],"IndexInText":814,"OcrConfidence":1.0,"Text":"a7","VisualLineNumber":22}]},{"IndexInText":826,"Length":11,"Type":"TableCell","Words":[{"Box":[421.2,142.08,20.88,7.2],"Polygon":[142.08,421.2,162.96,421.2,162.96,428.400024,142.08,428.400024],"IndexInText":826,"OcrConfidence":1.0,"Text":"test9","VisualLineNumber":21},{"Box":[434.88,142.08,20.88,7.2],"Polygon":[142.08,434.88,162.96,434.88,162.96,442.080017,142.08,442.080017],"IndexInText":832,"OcrConfidence":1.0,"Text":"test7","VisualLineNumber":22}]},{"IndexInText":850,"Length":3,"Type":"TableCell","Words":[{"Box":[421.68,359.76,2.4,7.2],"Polygon":[359.76,421.680023,362.16,421.680023,362.16,428.88,359.76,428.88],"IndexInText":850,"OcrConfidence":0.099999994,"Text":"1","VisualLineNumber":21},{"Box":[435.36,359.04,4.56,7.2],"Polygon":[359.04,435.360016,363.6,435.360016,363.6,442.560028,359.04,442.560028],"IndexInText":852,"OcrConfidence":1.0,"Text":"3","VisualLineNumber":22}]},{"IndexInText":860,"Length":11,"Type":"TableCell","Words":[{"Box":[421.68,427.44,18.96,8.64],"Polygon":[427.44,421.680023,446.400024,421.680023,446.400024,430.32,427.44,430.32],"IndexInText":860,"OcrConfidence":1.0,"Text":"4,60","VisualLineNumber":21},{"Box":[435.36,417.12,29.28,8.64],"Polygon":[417.120026,435.360016,446.400024,435.360016,446.400024,444.000031,417.120026,444.000031],"IndexInText":865,"OcrConfidence":1.0,"Text":"300,00","VisualLineNumber":22}]},{"IndexInText":882,"Length":1,"Type":"TableCell","Words":[{"Box":[0.0,0.0,0.0,0.0],"IndexInText":882,"OcrConfidence":1.0,"Text":" ","VisualLineNumber":-1}]},{"IndexInText":888,"Length":11,"Type":"TableRowEnd","Words":[{"Box":[421.68,532.56,18.48,8.64],"Polygon":[532.56,421.680023,551.040039,421.680023,551.040039,430.32,532.56,430.32],"IndexInText":888,"OcrConfidence":1.0,"Text":"4,60","VisualLineNumber":21},{"Box":[435.36,521.76,29.28,8.64],"Polygon":[521.76,435.360016,551.040039,435.360016,551.040039,444.000031,521.76,444.000031],"IndexInText":893,"OcrConfidence":1.0,"Text":"900,00","VisualLineNumber":22}]},{"IndexInText":908,"Length":2,"Type":"TableCell","Words":[{"Box":[475.92,56.16,10.32,7.2],"Polygon":[56.1600037,475.92,66.48,475.92,66.48,483.120026,56.1600037,483.120026],"IndexInText":908,"OcrConfidence":1.0,"Text":"a4","VisualLineNumber":23}]},{"IndexInText":923,"Length":5,"Type":"TableCell","Words":[{"Box":[475.44,142.08,20.88,7.2],"Polygon":[142.08,475.440033,162.96,475.440033,162.96,482.64,142.08,482.64],"IndexInText":923,"OcrConfidence":1.0,"Text":"test4","VisualLineNumber":23}]},{"IndexInText":947,"Length":2,"Type":"TableCell","Words":[{"Box":[475.92,356.16,10.32,7.2],"Polygon":[356.16,475.92,366.48,475.92,366.48,483.120026,356.16,483.120026],"IndexInText":947,"OcrConfidence":1.0,"Text":"22","VisualLineNumber":23}]},{"IndexInText":957,"Length":6,"Type":"TableCell","Words":[{"Box":[475.92,416.88,29.52,8.64],"Polygon":[416.88,475.92,446.400024,475.92,446.400024,484.560028,416.88,484.560028],"IndexInText":957,"OcrConfidence":1.0,"Text":"300,00","VisualLineNumber":23}]},{"IndexInText":979,"Length":1,"Type":"TableCell","Words":[{"Box":[0.0,0.0,0.0,0.0],"IndexInText":979,"OcrConfidence":1.0,"Text":" ","VisualLineNumber":-1}]},{"IndexInText":985,"Length":8,"Type":"TableRowEnd","Words":[{"Box":[475.92,513.36,37.68,8.64],"Polygon":[513.360046,475.92,551.040039,475.92,551.040039,484.560028,513.360046,484.560028],"IndexInText":985,"OcrConfidence":1.0,"Text":"6.600,00","VisualLineNumber":23}]}]},{"IndexInText":1006,"Language":"eng","Length":32,"Rotation":"None","SkewAngle":0.0,"Type":"Paragraph","WordGroups":[{"IndexInText":1006,"Length":32,"Type":"Heading","Words":[{"Box":[588.0,56.16,50.64,7.2001],"Polygon":[56.1600037,588.0,106.8,588.0,106.8,595.2,56.1600037,595.2],"IndexInText":1006,"OcrConfidence":1.0,"Text":"Comments","VisualLineNumber":25},{"Box":[589.92,110.64,9.36,5.28],"Polygon":[110.640007,589.920044,120.000008,589.920044,120.000008,595.2,110.640007,595.2],"IndexInText":1015,"OcrConfidence":1.0,"Text":"or","VisualLineNumber":25},{"Box":[588.0,123.36,33.6,9.12],"Polygon":[123.360008,588.0,156.96,588.0,156.96,597.12,123.360008,597.12],"IndexInText":1018,"OcrConfidence":1.0,"Text":"Special","VisualLineNumber":25},{"Box":[588.0,161.04,55.92,7.2001],"Polygon":[161.040009,588.0,216.96,588.0,216.96,595.2,161.040009,595.2],"IndexInText":1026,"OcrConfidence":1.0,"Text":"Instructions","VisualLineNumber":25}]}]},{"IndexInText":1040,"Language":"eng","Length":50,"Rotation":"None","SkewAngle":0.0,"Type":"Paragraph","WordGroups":[{"IndexInText":1040,"Length":50,"Type":"Other","Words":[{"Box":[572.16,387.36,52.08,7.2],"Polygon":[387.360016,572.160034,439.44,572.160034,439.44,579.360046,387.360016,579.360046],"IndexInText":1040,"OcrConfidence":1.0,"Text":"SUBTOTAL","VisualLineNumber":24},{"Box":[588.2401,387.12,44.16,7.2],"Polygon":[387.120026,588.240051,431.280029,588.240051,431.280029,595.44,387.120026,595.44],"IndexInText":1049,"OcrConfidence":1.0,"Text":"TAXABLE","VisualLineNumber":25},{"Box":[604.56,387.12,19.2,7.2],"Polygon":[387.120026,604.56,406.32,604.56,406.32,611.76,387.120026,611.76],"IndexInText":1057,"OcrConfidence":1.0,"Text":"TAX","VisualLineNumber":26},{"Box":[604.56,410.16,25.2,7.2],"Polygon":[410.16,604.56,435.360016,604.56,435.360016,611.76,410.16,611.76],"IndexInText":1061,"OcrConfidence":1.0,"Text":"RATE","VisualLineNumber":26},{"Box":[620.88,387.12,19.2,7.2],"Polygon":[387.120026,620.88,406.32,620.88,406.32,628.08,387.120026,628.08],"IndexInText":1066,"OcrConfidence":1.0,"Text":"TAX","VisualLineNumber":27},{"Box":[636.96,387.36,46.56,7.2],"Polygon":[387.360016,636.96,433.92,636.96,433.92,644.160034,387.360016,644.160034],"IndexInText":1070,"OcrConfidence":1.0,"Text":"SHIPPING","VisualLineNumber":28},{"Box":[653.28,387.36,34.32,7.2],"Polygon":[387.360016,653.28,421.680023,653.28,421.680023,660.480042,387.360016,660.480042],"IndexInText":1079,"OcrConfidence":1.0,"Text":"OTHER","VisualLineNumber":29},{"Box":[669.6,387.12,32.64,7.2],"Polygon":[387.120026,669.600037,419.76,669.600037,419.76,676.800049,387.120026,676.800049],"IndexInText":1085,"OcrConfidence":1.0,"Text":"TOTAL","VisualLineNumber":30}]}]},{"IndexInText":1092,"Language":"eng","Length":91,"Rotation":"None","SkewAngle":0.0,"Type":"Paragraph","WordGroups":[{"IndexInText":1092,"Length":91,"Type":"Other","Words":[{"Box":[710.88,158.16,4.8,7.2],"Polygon":[158.16,710.88,162.96,710.88,162.96,718.08,158.16,718.08],"IndexInText":1092,"OcrConfidence":1.0,"Text":"If","VisualLineNumber":31},{"Box":[712.8,165.84,14.64,7.2],"Polygon":[165.840012,712.800049,180.480011,712.800049,180.480011,720.0,165.840012,720.0],"IndexInText":1095,"OcrConfidence":1.0,"Text":"you","VisualLineNumber":31},{"Box":[710.88,184.56,20.4,7.2],"Polygon":[184.560013,710.88,204.96,710.88,204.96,718.08,184.560013,718.08],"IndexInText":1099,"OcrConfidence":1.0,"Text":"have","VisualLineNumber":31},{"Box":[712.8,208.56,15.36,7.2],"Polygon":[208.560013,712.800049,223.920013,712.800049,223.920013,720.0,208.560013,720.0],"IndexInText":1104,"OcrConfidence":1.0,"Text":"any","VisualLineNumber":31},{"Box":[710.88,226.8,41.76,9.12],"Polygon":[226.8,710.88,268.56,710.88,268.56,720.0,226.8,720.0],"IndexInText":1108,"OcrConfidence":1.0,"Text":"questions","VisualLineNumber":31},{"Box":[710.88,272.4,24.24,7.2001],"Polygon":[272.400024,710.88,296.64,710.88,296.64,718.08,272.400024,718.08],"IndexInText":1118,"OcrConfidence":1.0,"Text":"about","VisualLineNumber":31},{"Box":[710.88,299.76,14.64,7.2001],"Polygon":[299.76,710.88,314.400024,710.88,314.400024,718.08,299.76,718.08],"IndexInText":1124,"OcrConfidence":1.0,"Text":"this","VisualLineNumber":31},{"Box":[710.88,318.48,39.84,9.12],"Polygon":[318.48,710.88,358.32,710.88,358.32,720.0,318.48,720.0],"IndexInText":1129,"OcrConfidence":1.0,"Text":"purchase","VisualLineNumber":31},{"Box":[710.88,361.68,24.96,8.6401],"Polygon":[361.680023,710.88,386.64,710.88,386.64,719.52,361.680023,719.52],"IndexInText":1138,"OcrConfidence":1.0,"Text":"order,","VisualLineNumber":31},{"Box":[710.88,390.96,28.08,9.12],"Polygon":[390.960022,710.88,419.04,710.88,419.04,720.0,390.960022,720.0],"IndexInText":1145,"OcrConfidence":1.0,"Text":"please","VisualLineNumber":31},{"Box":[711.1201,422.64,31.68,6.96],"Polygon":[422.64,711.120056,454.32,711.120056,454.32,718.08,422.64,718.08],"IndexInText":1152,"OcrConfidence":1.0,"Text":"contact","VisualLineNumber":31},{"Box":[724.32,252.24,30.72,9.12],"Polygon":[252.24,724.32,282.960022,724.32,282.960022,733.44,252.24,733.44],"IndexInText":1160,"OcrConfidence":1.0,"Text":"[Name,","VisualLineNumber":32},{"Box":[724.32,287.28,27.36,7.2001],"Polygon":[287.28,724.32,314.64,724.32,314.64,731.52,287.28,731.52],"IndexInText":1167,"OcrConfidence":1.0,"Text":"Phone","VisualLineNumber":32},{"Box":[724.32,318.0,7.44,8.64],"Polygon":[318.0,724.32,325.44,724.32,325.44,732.96,318.0,732.96],"IndexInText":1173,"OcrConfidence":1.0,"Text":"#,","VisualLineNumber":32},{"Box":[724.32,329.76,29.52,9.12],"Polygon":[329.76,724.32,359.28,724.32,359.28,733.44,329.76,733.44],"IndexInText":1176,"OcrConfidence":1.0,"Text":"E-mail]","VisualLineNumber":32}]}]},{"IndexInText":1185,"Language":"bul","Length":38,"Rotation":"None","SkewAngle":0.0,"Type":"Paragraph","WordGroups":[{"IndexInText":1185,"Length":38,"Type":"Other","Words":[{"Box":[572.16,502.56,48.48,8.64],"Polygon":[502.560028,572.160034,551.040039,572.160034,551.040039,580.800049,502.560028,580.800049],"IndexInText":1185,"OcrConfidence":1.0,"Text":"787.366,70","VisualLineNumber":24},{"Box":[588.2401,502.56,48.48,8.6399],"Polygon":[502.560028,588.240051,551.040039,588.240051,551.040039,596.88,502.560028,596.88],"IndexInText":1196,"OcrConfidence":1.0,"Text":"714.483,00","VisualLineNumber":25},{"Box":[604.56,521.76,32.4,8.64],"Polygon":[521.76,604.56,554.160034,604.56,554.160034,613.2,521.76,613.2],"IndexInText":1207,"OcrConfidence":1.0,"Text":"6,875%","VisualLineNumber":26},{"Box":[620.88,507.6,42.24,8.64],"Polygon":[507.6,620.88,549.84,620.88,549.84,629.52,507.6,629.52],"IndexInText":1214,"OcrConfidence":1.0,"Text":"49.120,71","VisualLineNumber":27}]}]}],"ProcessingSource":"Ocr","IndexInText":0,"TextLength":1223,"SkewAngle":0.0}]}