﻿{
  "DataContractVersion": "1.1",
  "DocumentTypes": [
    {
      "DocumentTypeId": "Finance.Incoming_Docs.POs",
      "Group": "Finance",
      "Category": "Incoming_Docs",
      "Name": "POs",
      "OptionalUniqueIdentifier": "",
      "TypeField": {
        "FieldId": "Finance.Incoming_Docs.POs.DocumentType",
        "FieldName": "Document Type"
      },
      "Fields": [
        {
          "FieldId": "Finance.Incoming_Docs.POs.Date",
          "FieldName": "Date",
          "IsMultiValue": false,
          "Type": "Date",
          "DeriveFieldsFormat": "",
          "Components": [],
          "SetValues": [],
          "Metadata": [
            {
              "Key": "Color",
              "Value": "#038a18"
            },
            {
              "Key": "Hotkey",
              "Value": "a"
            }
          ]
        },
        {
          "FieldId": "Finance.Incoming_Docs.POs.PO_No",
          "FieldName": "PO_No",
          "IsMultiValue": false,
          "Type": "Text",
          "DeriveFieldsFormat": "",
          "Components": [],
          "SetValues": [],
          "Metadata": [
            {
              "Key": "Color",
              "Value": "#fa6616"
            },
            {
              "Key": "Hotkey",
              "Value": "q"
            }
          ]
        },
        {
          "FieldId": "Finance.Incoming_Docs.POs.Items",
          "FieldName": "Items",
          "IsMultiValue": false,
          "Type": "Table",
          "DeriveFieldsFormat": "",
          "Components": [
            {
              "FieldId": "Finance.Incoming_Docs.POs.Items.Item_No",
              "FieldName": "Item_No",
              "IsMultiValue": false,
              "Type": "Text",
              "DeriveFieldsFormat": "",
              "Components": [],
              "SetValues": [],
              "Metadata": []
            },
            {
              "FieldId": "Finance.Incoming_Docs.POs.Items.Description",
              "FieldName": "Description",
              "IsMultiValue": false,
              "Type": "Text",
              "DeriveFieldsFormat": "",
              "Components": [],
              "SetValues": [],
              "Metadata": []
            },
            {
              "FieldId": "Finance.Incoming_Docs.POs.Items.Qty",
              "FieldName": "Qty",
              "IsMultiValue": false,
              "Type": "Number",
              "DeriveFieldsFormat": "",
              "Components": [],
              "SetValues": [],
              "Metadata": []
            },
            {
              "FieldId": "Finance.Incoming_Docs.POs.Items.Unit_Price",
              "FieldName": "Unit_Price",
              "IsMultiValue": false,
              "Type": "Number",
              "DeriveFieldsFormat": "",
              "Components": [],
              "SetValues": [],
              "Metadata": []
            },
            {
              "FieldId": "Finance.Incoming_Docs.POs.Items.Tax",
              "FieldName": "Tax",
              "IsMultiValue": false,
              "Type": "Number",
              "DeriveFieldsFormat": "",
              "Components": [],
              "SetValues": [],
              "Metadata": []
            },
            {
              "FieldId": "Finance.Incoming_Docs.POs.Items.TOTAL",
              "FieldName": "TOTAL",
              "IsMultiValue": false,
              "Type": "Number",
              "DeriveFieldsFormat": "",
              "Components": [],
              "SetValues": [],
              "Metadata": []
            }
          ],
          "SetValues": [],
          "Metadata": [
            {
              "Key": "Color",
              "Value": "#8a97a0"
            },
            {
              "Key": "Hotkey",
              "Value": "e"
            }
          ]
        },
        {
          "FieldId": "Finance.Incoming_Docs.POs.SubTotal",
          "FieldName": "SubTotal",
          "IsMultiValue": false,
          "Type": "Number",
          "DeriveFieldsFormat": "",
          "Components": [],
          "SetValues": [],
          "Metadata": [
            {
              "Key": "Color",
              "Value": "#e64cab"
            },
            {
              "Key": "Hotkey",
              "Value": "l"
            }
          ]
        },
        {
          "FieldId": "Finance.Incoming_Docs.POs.TAXABLE",
          "FieldName": "TAXABLE",
          "IsMultiValue": false,
          "Type": "Number",
          "DeriveFieldsFormat": "",
          "Components": [],
          "SetValues": [],
          "Metadata": [
            {
              "Key": "Color",
              "Value": "#857c60"
            },
            {
              "Key": "Hotkey",
              "Value": "x"
            }
          ]
        },
        {
          "FieldId": "Finance.Incoming_Docs.POs.TAX_RATE",
          "FieldName": "TAX_RATE",
          "IsMultiValue": false,
          "Type": "Number",
          "DeriveFieldsFormat": "",
          "Components": [],
          "SetValues": [],
          "Metadata": [
            {
              "Key": "Color",
              "Value": "#fca027"
            },
            {
              "Key": "Hotkey",
              "Value": "r"
            }
          ]
        },
        {
          "FieldId": "Finance.Incoming_Docs.POs.TAX",
          "FieldName": "TAX",
          "IsMultiValue": false,
          "Type": "Number",
          "DeriveFieldsFormat": "",
          "Components": [],
          "SetValues": [],
          "Metadata": [
            {
              "Key": "Color",
              "Value": "#bb98b1"
            },
            {
              "Key": "Hotkey",
              "Value": "w"
            }
          ]
        },
        {
          "FieldId": "Finance.Incoming_Docs.POs.SHIPPING",
          "FieldName": "SHIPPING",
          "IsMultiValue": false,
          "Type": "Number",
          "DeriveFieldsFormat": "",
          "Components": [],
          "SetValues": [],
          "Metadata": [
            {
              "Key": "Color",
              "Value": "#905282"
            },
            {
              "Key": "Hotkey",
              "Value": "h"
            }
          ]
        },
        {
          "FieldId": "Finance.Incoming_Docs.POs.OTHER",
          "FieldName": "OTHER",
          "IsMultiValue": false,
          "Type": "Number",
          "DeriveFieldsFormat": "",
          "Components": [],
          "SetValues": [],
          "Metadata": [
            {
              "Key": "Color",
              "Value": "#81a077"
            },
            {
              "Key": "Hotkey",
              "Value": "y"
            }
          ]
        },
        {
          "FieldId": "Finance.Incoming_Docs.POs.TOTAL",
          "FieldName": "TOTAL",
          "IsMultiValue": false,
          "Type": "Number",
          "DeriveFieldsFormat": "",
          "Components": [],
          "SetValues": [],
          "Metadata": [
            {
              "Key": "Color",
              "Value": "#828cdb"
            },
            {
              "Key": "Hotkey",
              "Value": "g"
            }
          ]
        },
        {
          "FieldId": "Finance.Incoming_Docs.POs.Address",
          "FieldName": "Vendor_Address",
          "IsMultiValue": false,
          "Type": "Text",
          "DeriveFieldsFormat": "",
          "Components": [],
          "SetValues": [],
          "Metadata": [
            {
              "Key": "RequiresReference",
              "Value": "False"
            },
            {
              "Key": "Color",
              "Value": "#b37710"
            },
            {
              "Key": "Hotkey",
              "Value": "j"
            }
          ]
        },
        {
          "FieldId": "Finance.Incoming_Docs.POs.Vendor_Name",
          "FieldName": "Vendor_Name",
          "IsMultiValue": false,
          "Type": "Text",
          "DeriveFieldsFormat": "",
          "Components": [],
          "SetValues": [],
          "Metadata": [
            {
              "Key": "Color",
              "Value": "#661595"
            },
            {
              "Key": "Hotkey",
              "Value": "v"
            }
          ]
        },
        {
          "FieldId": "Finance.Incoming_Docs.POs.Vendor_PhoneNo",
          "FieldName": "Vendor_PhoneNo",
          "IsMultiValue": false,
          "Type": "Text",
          "DeriveFieldsFormat": "",
          "Components": [],
          "SetValues": [],
          "Metadata": [
            {
              "Key": "Color",
              "Value": "#469bff"
            },
            {
              "Key": "Hotkey",
              "Value": "k"
            }
          ]
        },
        {
          "FieldId": "Finance.Incoming_Docs.POs.Vendor_Fax",
          "FieldName": "Vendor_Fax",
          "IsMultiValue": false,
          "Type": "Text",
          "DeriveFieldsFormat": "",
          "Components": [],
          "SetValues": [],
          "Metadata": [
            {
              "Key": "Color",
              "Value": "#2ea476"
            },
            {
              "Key": "Hotkey",
              "Value": "z"
            }
          ]
        },
        {
          "FieldId": "Finance.Incoming_Docs.POs.Shipto_Name",
          "FieldName": "Shipto_Name",
          "IsMultiValue": false,
          "Type": "Text",
          "DeriveFieldsFormat": "",
          "Components": [],
          "SetValues": [],
          "Metadata": [
            {
              "Key": "Color",
              "Value": "#d9738f"
            },
            {
              "Key": "Hotkey",
              "Value": "m"
            }
          ]
        },
        {
          "FieldId": "Finance.Incoming_Docs.POs.Shipto_Address",
          "FieldName": "Shipto_Address",
          "IsMultiValue": false,
          "Type": "Text",
          "DeriveFieldsFormat": "",
          "Components": [],
          "SetValues": [],
          "Metadata": [
            {
              "Key": "Color",
              "Value": "#a435b1"
            },
            {
              "Key": "Hotkey",
              "Value": "c"
            }
          ]
        },
        {
          "FieldId": "Finance.Incoming_Docs.POs.Shipto_PhoneNo",
          "FieldName": "Shipto_PhoneNo",
          "IsMultiValue": false,
          "Type": "Text",
          "DeriveFieldsFormat": "",
          "Components": [],
          "SetValues": [],
          "Metadata": [
            {
              "Key": "Color",
              "Value": "#91a766"
            },
            {
              "Key": "Hotkey",
              "Value": "1"
            }
          ]
        }
      ]
    }
  ],
  "Groups": [
    {
      "Name": "Finance",
      "Categories": [
        "Incoming_Docs"
      ]
    }
  ],
  "SupportedLanguages": [
    {
      "Name": "Undetermined Language",
      "Code": "und"
    },
    {
      "Name": "Bulgarian",
      "Code": "bul"
    },
    {
      "Name": "Cantonese",
      "Code": "yue"
    },
    {
      "Name": "Danish",
      "Code": "dan"
    },
    {
      "Name": "Dutch",
      "Code": "nld"
    },
    {
      "Name": "English",
      "Code": "eng"
    },
    {
      "Name": "French",
      "Code": "fra"
    },
    {
      "Name": "Georgian",
      "Code": "kat"
    },
    {
      "Name": "German",
      "Code": "deu"
    },
    {
      "Name": "Greek",
      "Code": "ell"
    },
    {
      "Name": "Hebrew",
      "Code": "heb"
    },
    {
      "Name": "Hindi",
      "Code": "hin"
    },
    {
      "Name": "Italian",
      "Code": "ita"
    },
    {
      "Name": "Japanese",
      "Code": "jpn"
    },
    {
      "Name": "Korean",
      "Code": "kor"
    },
    {
      "Name": "Macedonian",
      "Code": "mkd"
    },
    {
      "Name": "Mandarin",
      "Code": "zho"
    },
    {
      "Name": "Marathi",
      "Code": "mar"
    },
    {
      "Name": "Norwegian",
      "Code": "nor"
    },
    {
      "Name": "Polish",
      "Code": "pol"
    },
    {
      "Name": "Portuguese",
      "Code": "por"
    },
    {
      "Name": "Romanian",
      "Code": "ron"
    },
    {
      "Name": "Russian",
      "Code": "rus"
    },
    {
      "Name": "Serbian",
      "Code": "srp"
    },
    {
      "Name": "Spanish",
      "Code": "spa"
    },
    {
      "Name": "Swedish",
      "Code": "swe"
    },
    {
      "Name": "Telugu",
      "Code": "tel"
    }
  ]
}